chunk_id,transcript_id,country,expert_name,expert_role,timestamp,question,speaker,answer,source_file
transcript_1_france_0018,transcript_1_france,France,Dr. Jean Martin,Head of Urology,00:18,"Thanks for joining. To begin, how would you describe robotic surgery adoption in France today?",Dr. Martin,"Adoption is growing, but it is still concentrated in larger academic hospitals and private centres with stronger capital budgets. Smaller regional hospitals are much slower.",Transcript_1_France.txt
transcript_1_france_0120,transcript_1_france,France,Dr. Jean Martin,Head of Urology,01:20,What is holding adoption back?,Dr. Martin,"The biggest issue is still capital budget approval. Hospitals may like the technology clinically, but purchasing committees need a strong economic case before approving a system.",Transcript_1_France.txt
transcript_1_france_0218,transcript_1_france,France,Dr. Jean Martin,Head of Urology,02:18,So ROI is important?,Dr. Martin,"Very important. The clinical argument may get surgeons interested, but the finance team wants to understand utilisation, procedure volume, maintenance cost and whether the system will actually pay for itself.",Transcript_1_France.txt
transcript_1_france_0310,transcript_1_france,France,Dr. Jean Martin,Head of Urology,03:10,What about training?,Dr. Martin,"Training matters, especially in the first year. If only one surgeon can use the system, the economics become difficult. Hospitals want several surgeons trained so utilisation is high enough.",Transcript_1_France.txt
transcript_1_france_0408,transcript_1_france,France,Dr. Jean Martin,Head of Urology,04:08,Are clinical outcomes still the main driver?,Dr. Martin,"Clinical outcomes are necessary, but they are not enough on their own. If two systems offer similar outcomes, the hospital will look hard at economics and utilisation.",Transcript_1_France.txt
transcript_1_france_0507,transcript_1_france,France,Dr. Jean Martin,Head of Urology,05:07,What do you expect over the next three to five years?,Dr. Martin,"I expect adoption to continue increasing, probably steadily rather than explosively. I would expect maybe 15 to 20 percent more procedures annually in some of the stronger centres, but smaller hospitals will remain slower.",Transcript_1_France.txt
transcript_1_france_0608,transcript_1_france,France,Dr. Jean Martin,Head of Urology,06:08,How long does a purchase decision normally take?,Dr. Martin,Six to twelve months is realistic once the hospital becomes serious. It can be longer if the capital committee pushes the purchase into the next budget cycle.,Transcript_1_France.txt
transcript_2_germany_0016,transcript_2_germany,Germany,Anna Keller,Former Hospital Procurement Director,00:16,How would you describe robotic surgery adoption in Germany today?,Anna Keller,"It is growing, but adoption is quite uneven. Large university hospitals are much more advanced, while many smaller hospitals are still waiting.",Transcript_2_Germany.txt
transcript_2_germany_0110,transcript_2_germany,Germany,Anna Keller,Former Hospital Procurement Director,01:10,What are the main barriers?,Anna Keller,"Cost is the first barrier. These are large capital purchases, and hospital finances are under pressure. The second issue is proving that the system will be used enough.",Transcript_2_Germany.txt
transcript_2_germany_0208,transcript_2_germany,Germany,Anna Keller,Former Hospital Procurement Director,02:08,What does procurement focus on?,Anna Keller,"We look at total cost of ownership, expected procedure volume, maintenance, service contracts and training requirements. A strong clinical case helps, but the economic case decides whether it gets approved.",Transcript_2_Germany.txt
transcript_2_germany_0305,transcript_2_germany,Germany,Anna Keller,Former Hospital Procurement Director,03:05,How important is surgeon training?,Anna Keller,"Very important operationally. If the hospital buys a system but only one surgeon is comfortable using it, utilisation will be poor. That weakens the business case.",Transcript_2_Germany.txt
transcript_2_germany_0409,transcript_2_germany,Germany,Anna Keller,Former Hospital Procurement Director,04:09,Do you expect adoption to accelerate?,Anna Keller,"Yes, but I would not expect a dramatic jump. I think growth will be gradual, especially because many hospitals have other competing capital priorities.",Transcript_2_Germany.txt
transcript_2_germany_0508,transcript_2_germany,Germany,Anna Keller,Former Hospital Procurement Director,05:08,Any rough expectation over the next three to five years?,Anna Keller,"I would expect continued growth, but probably closer to high single digits or low double digits in procedure volumes rather than something like 20 percent across the whole market.",Transcript_2_Germany.txt
transcript_2_germany_0605,transcript_2_germany,Germany,Anna Keller,Former Hospital Procurement Director,06:05,How long can the purchase process take?,Anna Keller,"Nine to eighteen months is common. Procurement, clinical leadership, finance and management all need to align, so it can move slowly.",Transcript_2_Germany.txt
transcript_3_uk_0014,transcript_3_uk,United Kingdom,Dr. Emily Carter,Consultant Urologist,00:14,How would you describe adoption in the UK?,Dr. Carter,"Adoption is increasing, and in some larger NHS trusts robotic surgery is becoming standard for selected procedures. But access still varies significantly by hospital.",Transcript_3_UK.txt
transcript_3_uk_0105,transcript_3_uk,United Kingdom,Dr. Emily Carter,Consultant Urologist,01:05,What are the main barriers?,Dr. Carter,"Funding is important, but I would say training capacity is just as important. You can buy a system, but if you cannot train enough surgeons and theatre staff, adoption stalls.",Transcript_3_UK.txt
transcript_3_uk_0207,transcript_3_uk,United Kingdom,Dr. Emily Carter,Consultant Urologist,02:07,How important is ROI?,Dr. Carter,"It matters, but the discussion is not always purely financial. Hospitals also consider patient outcomes, length of stay, surgeon recruitment and whether the technology improves their clinical position.",Transcript_3_UK.txt
transcript_3_uk_0310,transcript_3_uk,United Kingdom,Dr. Emily Carter,Consultant Urologist,03:10,So would you say economics are less important in the UK?,Dr. Carter,I would say economics and clinical strategy are balanced. I would not say finance alone decides the purchase.,Transcript_3_UK.txt
transcript_3_uk_0406,transcript_3_uk,United Kingdom,Dr. Emily Carter,Consultant Urologist,04:06,What is your outlook for the next three to five years?,Dr. Carter,I am quite positive. I think adoption could accelerate if training expands and systems become more cost competitive. I could see procedure growth above 15 percent annually in some areas.,Transcript_3_UK.txt
transcript_3_uk_0504,transcript_3_uk,United Kingdom,Dr. Emily Carter,Consultant Urologist,05:04,What about purchase timelines?,Dr. Carter,"Around six to nine months can happen if funding is already available. If the trust has to wait for a new capital cycle, it can take much longer.",Transcript_3_UK.txt
transcript_3_uk_0604,transcript_3_uk,United Kingdom,Dr. Emily Carter,Consultant Urologist,06:04,Any final thought?,Dr. Carter,The key point is that adoption is not just about buying the machine. Hospitals need enough trained people and enough procedure volume to make the programme sustainable.,Transcript_3_UK.txt
